,IoU,color,file,gt_frame,hist_similarity,re_frame
0,0.0,NA,scroll003.png,,1.0,"[890, 332, 915, 551]"
1,0.0,NA,scroll003.png,,1.0,"[890, 333, 915, 552]"
2,0.9219170705438879,exact,scroll003.png,<Helper.GTFrame.GTFrame object at 0x115fce780>,1.0,"[590, 335, 615, 554]"
3,0.9219170705438879,exact,scroll003.png,<Helper.GTFrame.GTFrame object at 0x115fce128>,1.0,"[1240, 335, 1265, 554]"
4,0.9302325581395349,exact,scroll003.png,<Helper.GTFrame.GTFrame object at 0x115fce780>,1.0,"[590, 336, 615, 555]"
5,0.9302325581395349,exact,scroll003.png,<Helper.GTFrame.GTFrame object at 0x115fce128>,1.0,"[1240, 336, 1265, 555]"
6,0.9386203150461706,exact,scroll003.png,<Helper.GTFrame.GTFrame object at 0x115fce780>,1.0,"[590, 337, 615, 556]"
7,0.9386203150461706,exact,scroll003.png,<Helper.GTFrame.GTFrame object at 0x115fce128>,1.0,"[1240, 337, 1265, 556]"
8,0.9470812875068194,exact,scroll003.png,<Helper.GTFrame.GTFrame object at 0x115fce780>,1.0,"[590, 338, 615, 557]"
9,0.9470812875068194,exact,scroll003.png,<Helper.GTFrame.GTFrame object at 0x115fce128>,1.0,"[1240, 338, 1265, 557]"
10,0.9556164383561644,exact,scroll003.png,<Helper.GTFrame.GTFrame object at 0x115fce780>,1.0,"[589, 339, 614, 558]"
11,0.9556164383561644,exact,scroll003.png,<Helper.GTFrame.GTFrame object at 0x115fce780>,1.0,"[590, 339, 615, 558]"
12,0.8807307219392236,exact,scroll003.png,<Helper.GTFrame.GTFrame object at 0x115fce780>,1.0,"[591, 339, 616, 558]"
13,0.9556164383561644,exact,scroll003.png,<Helper.GTFrame.GTFrame object at 0x115fce128>,1.0,"[1239, 339, 1264, 558]"
14,0.9556164383561644,exact,scroll003.png,<Helper.GTFrame.GTFrame object at 0x115fce128>,1.0,"[1240, 339, 1265, 558]"
15,0.8807307219392236,exact,scroll003.png,<Helper.GTFrame.GTFrame object at 0x115fce128>,1.0,"[1241, 339, 1266, 558]"
16,0.9556164383561644,exact,scroll003.png,<Helper.GTFrame.GTFrame object at 0x115fce780>,1.0,"[589, 340, 614, 559]"
17,0.9556164383561644,exact,scroll003.png,<Helper.GTFrame.GTFrame object at 0x115fce780>,1.0,"[590, 340, 615, 559]"
18,0.8807307219392236,exact,scroll003.png,<Helper.GTFrame.GTFrame object at 0x115fce780>,1.0,"[591, 340, 616, 559]"
19,0.9556164383561644,exact,scroll003.png,<Helper.GTFrame.GTFrame object at 0x115fce128>,1.0,"[1239, 340, 1264, 559]"
20,0.9556164383561644,exact,scroll003.png,<Helper.GTFrame.GTFrame object at 0x115fce128>,1.0,"[1240, 340, 1265, 559]"
21,0.8807307219392236,exact,scroll003.png,<Helper.GTFrame.GTFrame object at 0x115fce128>,1.0,"[1241, 340, 1266, 559]"
22,0.9470812875068194,exact,scroll003.png,<Helper.GTFrame.GTFrame object at 0x115fce780>,1.0,"[589, 341, 614, 560]"
23,0.9470812875068194,exact,scroll003.png,<Helper.GTFrame.GTFrame object at 0x115fce780>,1.0,"[590, 341, 615, 560]"
24,0.8731630510846746,exact,scroll003.png,<Helper.GTFrame.GTFrame object at 0x115fce780>,1.0,"[591, 341, 616, 560]"
25,0.9470812875068194,exact,scroll003.png,<Helper.GTFrame.GTFrame object at 0x115fce128>,1.0,"[1239, 341, 1264, 560]"
26,0.9470812875068194,exact,scroll003.png,<Helper.GTFrame.GTFrame object at 0x115fce128>,1.0,"[1240, 341, 1265, 560]"
27,0.8731630510846746,exact,scroll003.png,<Helper.GTFrame.GTFrame object at 0x115fce128>,1.0,"[1241, 341, 1266, 560]"
28,0.9386203150461706,exact,scroll003.png,<Helper.GTFrame.GTFrame object at 0x115fce780>,1.0,"[590, 342, 615, 561]"
29,0.9386203150461706,exact,scroll003.png,<Helper.GTFrame.GTFrame object at 0x115fce128>,1.0,"[1240, 342, 1265, 561]"
30,0.9302325581395349,exact,scroll003.png,<Helper.GTFrame.GTFrame object at 0x115fce780>,1.0,"[590, 343, 615, 562]"
31,0.9302325581395349,exact,scroll003.png,<Helper.GTFrame.GTFrame object at 0x115fce128>,1.0,"[1240, 343, 1265, 562]"
32,0.9219170705438879,exact,scroll003.png,<Helper.GTFrame.GTFrame object at 0x115fce780>,1.0,"[590, 344, 615, 563]"
33,0.9219170705438879,exact,scroll003.png,<Helper.GTFrame.GTFrame object at 0x115fce128>,1.0,"[1240, 344, 1265, 563]"
34,0.9136729222520107,exact,scroll003.png,<Helper.GTFrame.GTFrame object at 0x115fce780>,1.0,"[590, 345, 615, 564]"
35,0.9136729222520107,exact,scroll003.png,<Helper.GTFrame.GTFrame object at 0x115fce128>,1.0,"[1240, 345, 1265, 564]"
36,0.9302325581395349,exact,scroll003.png,<Helper.GTFrame.GTFrame object at 0x115fce048>,1.0,"[1810, 554, 1835, 773]"
37,0.9386203150461706,exact,scroll003.png,<Helper.GTFrame.GTFrame object at 0x115fce048>,1.0,"[1810, 555, 1835, 774]"
38,0.9470812875068194,exact,scroll003.png,<Helper.GTFrame.GTFrame object at 0x115fce048>,1.0,"[1810, 556, 1835, 775]"
39,0.9556164383561644,exact,scroll003.png,<Helper.GTFrame.GTFrame object at 0x115fce048>,1.0,"[1809, 557, 1834, 776]"
40,0.9556164383561644,exact,scroll003.png,<Helper.GTFrame.GTFrame object at 0x115fce048>,1.0,"[1810, 557, 1835, 776]"
41,0.9556164383561644,exact,scroll003.png,<Helper.GTFrame.GTFrame object at 0x115fce048>,1.0,"[1809, 558, 1834, 777]"
42,0.9556164383561644,exact,scroll003.png,<Helper.GTFrame.GTFrame object at 0x115fce048>,1.0,"[1810, 558, 1835, 777]"
43,0.9470812875068194,exact,scroll003.png,<Helper.GTFrame.GTFrame object at 0x115fce048>,1.0,"[1809, 559, 1834, 778]"
44,0.9470812875068194,exact,scroll003.png,<Helper.GTFrame.GTFrame object at 0x115fce048>,1.0,"[1810, 559, 1835, 778]"
45,0.9386203150461706,exact,scroll003.png,<Helper.GTFrame.GTFrame object at 0x115fce048>,1.0,"[1810, 560, 1835, 779]"
46,0.9302325581395349,exact,scroll003.png,<Helper.GTFrame.GTFrame object at 0x115fce048>,1.0,"[1810, 561, 1835, 780]"
47,0.9219170705438879,exact,scroll003.png,<Helper.GTFrame.GTFrame object at 0x115fce048>,1.0,"[1810, 562, 1835, 781]"
48,0.0,NA,scroll003.png,,1.0,"[1310, 791, 1335, 1010]"
49,0.0,NA,scroll003.png,,1.0,"[1310, 792, 1335, 1011]"
50,0.0,NA,scroll003.png,,1.0,"[1310, 793, 1335, 1012]"
51,0.0,NA,scroll003.png,,1.0,"[1309, 794, 1334, 1013]"
52,0.0,NA,scroll003.png,,1.0,"[1310, 794, 1335, 1013]"
53,0.0,NA,scroll003.png,,1.0,"[1309, 795, 1334, 1014]"
54,0.0,NA,scroll003.png,,1.0,"[1310, 795, 1335, 1014]"
55,0.0,NA,scroll003.png,,1.0,"[1311, 795, 1336, 1014]"
56,0.0,NA,scroll003.png,,1.0,"[1309, 796, 1334, 1015]"
57,0.0,NA,scroll003.png,,1.0,"[1310, 796, 1335, 1015]"
58,0.0,NA,scroll003.png,,1.0,"[1311, 796, 1336, 1015]"
59,0.0,NA,scroll003.png,,1.0,"[1309, 797, 1334, 1016]"
60,0.0,NA,scroll003.png,,1.0,"[1310, 797, 1335, 1016]"
61,0.0,NA,scroll003.png,,1.0,"[1311, 797, 1336, 1016]"
62,0.0,NA,scroll003.png,,1.0,"[1309, 798, 1334, 1017]"
63,0.0,NA,scroll003.png,,1.0,"[1310, 798, 1335, 1017]"
64,0.0,NA,scroll003.png,,1.0,"[1310, 799, 1335, 1018]"
65,0.0,NA,scroll003.png,,1.0,"[1310, 800, 1335, 1019]"
66,0.9248982611912689,exact,circlebutton001_1.png,<Helper.GTFrame.GTFrame object at 0x115fd50b8>,1.0,"[1199, 199, 1352, 252]"
67,0.9248982611912689,none,circlebutton001_1.png,<Helper.GTFrame.GTFrame object at 0x116046208>,1.0,"[1457, 504, 1610, 557]"
68,0.9248982611912689,exact,circlebutton001_1.png,<Helper.GTFrame.GTFrame object at 0x116046048>,1.0,"[1499, 899, 1652, 952]"
69,0.9581603321622485,exact,tab004.png,<Helper.GTFrame.GTFrame object at 0x115fce1d0>,1.0,"[1137, 270, 1238, 301]"
70,0.0,NA,tab004.png,,1.0,"[1570, 509, 1671, 540]"
71,0.0,NA,tab004.png,,1.0,"[1327, 600, 1428, 631]"
72,0.9581603321622485,exact,tab004.png,<Helper.GTFrame.GTFrame object at 0x116042048>,1.0,"[1599, 720, 1700, 751]"
73,0.9581603321622485,exact,tab004.png,<Helper.GTFrame.GTFrame object at 0x1160425f8>,1.0,"[1147, 820, 1248, 851]"
74,0.8568207440811725,exact,link002.png,<Helper.GTFrame.GTFrame object at 0x115f646d8>,0.9999999999999997,"[348, 280, 469, 301]"
75,0.8568207440811725,none,link002.png,<Helper.GTFrame.GTFrame object at 0x1027072e8>,0.9999999999999997,"[1323, 440, 1444, 461]"
76,0.8568207440811725,exact,link002.png,<Helper.GTFrame.GTFrame object at 0x102707438>,0.9999999999999997,"[948, 773, 1069, 794]"
77,0.8568207440811725,exact,link002.png,<Helper.GTFrame.GTFrame object at 0x102707358>,0.9999999999999997,"[1323, 870, 1444, 891]"
78,0.957107408720312,exact,checkbox011_1.png,<Helper.GTFrame.GTFrame object at 0x1027070b8>,1.0,"[106, 180, 197, 211]"
79,0.0,NA,checkbox011_1.png,,1.0,"[106, 380, 197, 411]"
80,0.0,NA,checkbox011_1.png,,1.0,"[106, 629, 197, 660]"
81,0.957107408720312,exact,checkbox011_1.png,<Helper.GTFrame.GTFrame object at 0x1160489b0>,1.0,"[102, 780, 193, 811]"
82,0.9377325725626395,exact,scroll001.png,<Helper.GTFrame.GTFrame object at 0x115fce240>,1.0,"[419, 181, 440, 372]"
83,0.9473946646721516,exact,scroll001.png,<Helper.GTFrame.GTFrame object at 0x115fce240>,1.0,"[418, 182, 439, 373]"
84,0.9473946646721516,exact,scroll001.png,<Helper.GTFrame.GTFrame object at 0x115fce240>,1.0,"[419, 182, 440, 373]"
85,0.8593192097119733,exact,scroll001.png,<Helper.GTFrame.GTFrame object at 0x115fce240>,1.0,"[420, 182, 441, 373]"
86,0.9473946646721516,exact,scroll001.png,<Helper.GTFrame.GTFrame object at 0x115fce240>,1.0,"[418, 183, 439, 374]"
87,0.9473946646721516,exact,scroll001.png,<Helper.GTFrame.GTFrame object at 0x115fce240>,1.0,"[419, 183, 440, 374]"
88,0.8593192097119733,exact,scroll001.png,<Helper.GTFrame.GTFrame object at 0x115fce240>,1.0,"[420, 183, 441, 374]"
89,0.9377325725626395,exact,scroll001.png,<Helper.GTFrame.GTFrame object at 0x115fce240>,1.0,"[418, 184, 439, 375]"
90,0.9377325725626395,exact,scroll001.png,<Helper.GTFrame.GTFrame object at 0x115fce240>,1.0,"[419, 184, 440, 375]"
91,0.8509478672985782,exact,scroll001.png,<Helper.GTFrame.GTFrame object at 0x115fce240>,1.0,"[420, 184, 441, 375]"
92,0.9281658849666748,exact,scroll001.png,<Helper.GTFrame.GTFrame object at 0x115fce240>,1.0,"[419, 185, 440, 376]"
93,0.9377325725626395,exact,scroll001.png,<Helper.GTFrame.GTFrame object at 0x11603aeb8>,1.0,"[1298, 622, 1319, 813]"
94,0.9473946646721516,exact,scroll001.png,<Helper.GTFrame.GTFrame object at 0x11603aeb8>,1.0,"[1297, 623, 1318, 814]"
95,0.9473946646721516,exact,scroll001.png,<Helper.GTFrame.GTFrame object at 0x11603aeb8>,1.0,"[1298, 623, 1319, 814]"
96,0.8593192097119733,exact,scroll001.png,<Helper.GTFrame.GTFrame object at 0x11603aeb8>,1.0,"[1299, 623, 1320, 814]"
97,0.9473946646721516,exact,scroll001.png,<Helper.GTFrame.GTFrame object at 0x11603aeb8>,1.0,"[1297, 624, 1318, 815]"
98,0.9473946646721516,exact,scroll001.png,<Helper.GTFrame.GTFrame object at 0x11603aeb8>,1.0,"[1298, 624, 1319, 815]"
99,0.8593192097119733,exact,scroll001.png,<Helper.GTFrame.GTFrame object at 0x11603aeb8>,1.0,"[1299, 624, 1320, 815]"
100,0.9377325725626395,exact,scroll001.png,<Helper.GTFrame.GTFrame object at 0x11603aeb8>,1.0,"[1297, 625, 1318, 816]"
101,0.9377325725626395,exact,scroll001.png,<Helper.GTFrame.GTFrame object at 0x11603aeb8>,1.0,"[1298, 625, 1319, 816]"
102,0.8509478672985782,exact,scroll001.png,<Helper.GTFrame.GTFrame object at 0x11603aeb8>,1.0,"[1299, 625, 1320, 816]"
103,0.9281658849666748,exact,scroll001.png,<Helper.GTFrame.GTFrame object at 0x11603aeb8>,1.0,"[1298, 626, 1319, 817]"
104,0.9377325725626395,exact,scroll001.png,<Helper.GTFrame.GTFrame object at 0x11603aba8>,1.0,"[416, 729, 437, 920]"
105,0.9473946646721516,exact,scroll001.png,<Helper.GTFrame.GTFrame object at 0x11603aba8>,1.0,"[415, 730, 436, 921]"
106,0.9473946646721516,exact,scroll001.png,<Helper.GTFrame.GTFrame object at 0x11603aba8>,1.0,"[416, 730, 437, 921]"
107,0.8593192097119733,exact,scroll001.png,<Helper.GTFrame.GTFrame object at 0x11603aba8>,1.0,"[417, 730, 438, 921]"
108,0.9473946646721516,exact,scroll001.png,<Helper.GTFrame.GTFrame object at 0x11603aba8>,1.0,"[415, 731, 436, 922]"
109,0.9473946646721516,exact,scroll001.png,<Helper.GTFrame.GTFrame object at 0x11603aba8>,1.0,"[416, 731, 437, 922]"
110,0.8593192097119733,exact,scroll001.png,<Helper.GTFrame.GTFrame object at 0x11603aba8>,1.0,"[417, 731, 438, 922]"
111,0.9377325725626395,exact,scroll001.png,<Helper.GTFrame.GTFrame object at 0x11603aba8>,1.0,"[415, 732, 436, 923]"
112,0.9377325725626395,exact,scroll001.png,<Helper.GTFrame.GTFrame object at 0x11603aba8>,1.0,"[416, 732, 437, 923]"
113,0.8509478672985782,exact,scroll001.png,<Helper.GTFrame.GTFrame object at 0x11603aba8>,1.0,"[417, 732, 438, 923]"
114,0.9281658849666748,exact,scroll001.png,<Helper.GTFrame.GTFrame object at 0x11603aba8>,1.0,"[416, 733, 437, 924]"
115,0.7785467128027682,exact,save001.png,<Helper.GTFrame.GTFrame object at 0x115f64470>,1.0,"[398, 292, 415, 309]"
116,0.7785467128027682,default,save001.png,<Helper.GTFrame.GTFrame object at 0x1160429e8>,1.0,"[463, 635, 480, 652]"
117,0.0,NA,save001.png,,1.0,"[226, 822, 243, 839]"
118,0.7785467128027682,exact,save001.png,<Helper.GTFrame.GTFrame object at 0x116042c88>,1.0,"[886, 852, 903, 869]"
119,0.9675468655513001,exact,tab003.png,<Helper.GTFrame.GTFrame object at 0x115fd59b0>,1.0,"[1462, 230, 1583, 271]"
120,0.9675468655513001,exact,tab003.png,<Helper.GTFrame.GTFrame object at 0x11603aa58>,1.0,"[979, 735, 1100, 776]"
121,0.9675468655513001,exact,tab003.png,<Helper.GTFrame.GTFrame object at 0x11603a630>,1.0,"[1439, 880, 1560, 921]"
122,0.8810068649885584,exact,save002.png,<Helper.GTFrame.GTFrame object at 0x11603a9e8>,1.0,"[362, 290, 419, 313]"
123,0.8810068649885584,default,save002.png,<Helper.GTFrame.GTFrame object at 0x11603af28>,1.0,"[427, 633, 484, 656]"
124,0.0,NA,save002.png,,1.0,"[250, 670, 307, 693]"
125,0.8810068649885584,exact,save002.png,<Helper.GTFrame.GTFrame object at 0x11603abe0>,1.0,"[190, 820, 247, 843]"
126,0.0,NA,save002.png,,1.0,"[432, 829, 489, 852]"
127,0.8810068649885584,exact,save002.png,<Helper.GTFrame.GTFrame object at 0x11603ada0>,1.0,"[850, 850, 907, 873]"
128,0.9475806451612904,exact,tab001.png,<Helper.GTFrame.GTFrame object at 0x102707320>,0.9999999999999999,"[221, 219, 269, 250]"
129,0.9475806451612904,exact,tab001.png,<Helper.GTFrame.GTFrame object at 0x116042208>,0.9999999999999999,"[77, 629, 125, 660]"
130,0.9475806451612904,exact,tab001.png,<Helper.GTFrame.GTFrame object at 0x116042630>,0.9999999999999999,"[293, 874, 341, 905]"
131,0.9014423076923077,exact,location001.png,<Helper.GTFrame.GTFrame object at 0x11603a748>,0.9999999999999996,"[274, 149, 326, 213]"
132,0.9014423076923077,exact,location001.png,<Helper.GTFrame.GTFrame object at 0x11603aa90>,0.9999999999999996,"[186, 449, 238, 513]"
133,0.9014423076923077,exact,location001.png,<Helper.GTFrame.GTFrame object at 0x11603a780>,0.9999999999999996,"[489, 479, 541, 543]"
134,0.9014423076923077,exact,location001.png,<Helper.GTFrame.GTFrame object at 0x11603ab38>,0.9999999999999996,"[269, 759, 321, 823]"
135,0.9382716049382716,exact,checkbox010_1.png,<Helper.GTFrame.GTFrame object at 0x116042550>,1.0000000000000002,"[100, 157, 181, 177]"
136,0.9382716049382716,default,checkbox010_1.png,<Helper.GTFrame.GTFrame object at 0x116042b38>,1.0000000000000002,"[103, 355, 184, 375]"
137,0.0,NA,checkbox010_1.png,,1.0000000000000002,"[104, 608, 185, 628]"
138,0.9382716049382716,exact,checkbox010_1.png,<Helper.GTFrame.GTFrame object at 0x116042588>,1.0000000000000002,"[180, 815, 261, 835]"
139,0.7485380116959064,exact,checkbox008.png,<Helper.GTFrame.GTFrame object at 0x116046ba8>,1.0,"[1550, 150, 1569, 168]"
140,0.7485380116959064,exact,checkbox008.png,<Helper.GTFrame.GTFrame object at 0x1160469b0>,1.0,"[1779, 534, 1798, 552]"
141,0.7485380116959064,exact,checkbox008.png,<Helper.GTFrame.GTFrame object at 0x116046cc0>,1.0,"[1561, 604, 1580, 622]"
142,0.9604,exact,pin001_1.png,<Helper.GTFrame.GTFrame object at 0x11603a6d8>,1.0,"[940, 170, 990, 220]"
143,0.9604,exact,pin001_1.png,<Helper.GTFrame.GTFrame object at 0x11603aac8>,1.0,"[380, 345, 430, 395]"
144,0.7971938775510204,exact,cross001.png,<Helper.GTFrame.GTFrame object at 0x11604b978>,0.9999999999999999,"[1029, 9, 1057, 37]"
145,0.7971938775510204,exact,cross001.png,<Helper.GTFrame.GTFrame object at 0x11604b4e0>,0.9999999999999999,"[1321, 216, 1349, 244]"
146,0.7971938775510204,exact,cross001.png,<Helper.GTFrame.GTFrame object at 0x11604b470>,0.9999999999999999,"[1759, 369, 1787, 397]"
147,0.9473333333333334,exact,message002.png,<Helper.GTFrame.GTFrame object at 0x1160460b8>,0.9999999999999999,"[1661, 51, 1710, 80]"
148,0.9473333333333334,exact,message002.png,<Helper.GTFrame.GTFrame object at 0x1160460f0>,0.9999999999999999,"[1041, 54, 1090, 83]"
149,0.9473333333333334,default,message002.png,<Helper.GTFrame.GTFrame object at 0x116046518>,0.9999999999999999,"[1371, 66, 1420, 95]"
150,0.6578703703703703,exact,message002.png,<Helper.GTFrame.GTFrame object at 0x1160463c8>,0.9999999999999999,"[1216, 112, 1265, 141]"
151,0.9473333333333334,exact,message002.png,<Helper.GTFrame.GTFrame object at 0x116046588>,0.9999999999999999,"[811, 281, 860, 310]"
152,0.0,NA,form001.png,,1.0,"[970, 328, 1124, 374]"
153,0.9719085262563524,exact,form001.png,<Helper.GTFrame.GTFrame object at 0x116042dd8>,1.0,"[1386, 749, 1540, 795]"
154,0.9719085262563524,exact,form001.png,<Helper.GTFrame.GTFrame object at 0x116042080>,1.0,"[1702, 749, 1856, 795]"
155,0.927960927960928,exact,message001.png,<Helper.GTFrame.GTFrame object at 0x1160486a0>,0.9999999999999998,"[480, 480, 519, 501]"
156,0.0,NA,squarebutton002.png,,1.0,"[30, 200, 181, 251]"
157,0.0,NA,squarebutton002.png,,1.0,"[470, 200, 621, 251]"
158,0.0,NA,squarebutton002.png,,1.0,"[100, 400, 251, 451]"
159,0.9418282548476454,exact,form006.png,<Helper.GTFrame.GTFrame object at 0x11604bc88>,0.9999999999999999,"[70, 320, 241, 339]"
160,0.9418282548476454,exact,form006.png,<Helper.GTFrame.GTFrame object at 0x11604b2b0>,0.9999999999999999,"[620, 320, 791, 339]"
161,0.9418282548476454,exact,form006.png,<Helper.GTFrame.GTFrame object at 0x11604bdd8>,0.9999999999999999,"[1170, 320, 1341, 339]"
162,0.0,NA,form006.png,,0.9999999999999999,"[890, 324, 1061, 343]"
163,0.0,NA,form006.png,,0.9999999999999999,"[70, 355, 241, 374]"
164,0.0,NA,form006.png,,0.9999999999999999,"[620, 355, 791, 374]"
165,0.0,NA,form006.png,,0.9999999999999999,"[1170, 355, 1341, 374]"
166,0.0,NA,form006.png,,0.9999999999999999,"[890, 359, 1061, 378]"
167,0.0,NA,form006.png,,0.9999999999999999,"[70, 390, 241, 409]"
168,0.0,NA,form006.png,,0.9999999999999999,"[620, 390, 791, 409]"
169,0.0,NA,form006.png,,0.9999999999999999,"[1170, 390, 1341, 409]"
170,0.0,NA,form006.png,,0.9999999999999999,"[890, 394, 1061, 413]"
171,0.0,NA,form006.png,,0.9999999999999999,"[1090, 730, 1261, 749]"
172,0.0,NA,form006.png,,0.9999999999999999,"[1090, 765, 1261, 784]"
173,0.0,NA,form006.png,,0.9999999999999999,"[1090, 800, 1261, 819]"
174,0.9382591093117408,default,filetree002_1.png,<Helper.GTFrame.GTFrame object at 0x1160487b8>,0.9999999999999999,"[885, 199, 989, 218]"
175,0.9382591093117408,exact,filetree002_1.png,<Helper.GTFrame.GTFrame object at 0x116048a58>,0.9999999999999999,"[385, 204, 489, 223]"
176,0.0,NA,filetree002_1.png,,0.9999999999999999,"[360, 821, 464, 840]"
177,0.0,NA,filetree002_1.png,,0.9999999999999999,"[926, 902, 1030, 921]"
178,0.9363525091799265,exact,form005.png,<Helper.GTFrame.GTFrame object at 0x116042518>,1.0,"[70, 320, 242, 339]"
179,0.9363525091799265,exact,form005.png,<Helper.GTFrame.GTFrame object at 0x116042a58>,1.0,"[620, 320, 792, 339]"
180,0.9363525091799265,exact,form005.png,<Helper.GTFrame.GTFrame object at 0x116042438>,1.0,"[1170, 320, 1342, 339]"
181,0.0,NA,form005.png,,1.0,"[1090, 730, 1262, 749]"
182,0.6352343308865048,exact,form004.png,<Helper.GTFrame.GTFrame object at 0x11603ae10>,1.0,"[970, 268, 1124, 314]"
183,0.6318211702827088,exact,settings001.png,<Helper.GTFrame.GTFrame object at 0x116048160>,1.0,"[690, 300, 721, 331]"
184,0.9365244536940687,exact,settings001.png,<Helper.GTFrame.GTFrame object at 0x116048ef0>,1.0,"[340, 340, 371, 371]"
185,0.9365244536940687,exact,settings001.png,<Helper.GTFrame.GTFrame object at 0x116048f28>,1.0,"[1460, 344, 1491, 375]"
186,0.7585848074921956,exact,settings001.png,<Helper.GTFrame.GTFrame object at 0x116048400>,1.0,"[964, 370, 995, 401]"
187,0.9365244536940687,exact,settings001.png,<Helper.GTFrame.GTFrame object at 0x116048278>,1.0,"[860, 742, 891, 773]"
188,0.9276353276353276,exact,folder002_1.png,<Helper.GTFrame.GTFrame object at 0x116042be0>,0.9999999999999999,"[1268, 476, 1313, 515]"
189,0.9276353276353276,exact,folder002_1.png,<Helper.GTFrame.GTFrame object at 0x116042be0>,0.9999999999999999,"[1267, 477, 1312, 516]"
190,0.9276353276353276,exact,folder002_1.png,<Helper.GTFrame.GTFrame object at 0x116042be0>,0.9999999999999999,"[1268, 477, 1313, 516]"
191,0.8878348214285714,exact,folder002_1.png,<Helper.GTFrame.GTFrame object at 0x116042be0>,0.9999999999999999,"[1269, 477, 1314, 516]"
192,0.9276353276353276,none,folder002_1.png,<Helper.GTFrame.GTFrame object at 0x1160429b0>,0.9999999999999999,"[1737, 477, 1782, 516]"
193,0.9276353276353276,none,folder002_1.png,<Helper.GTFrame.GTFrame object at 0x1160429b0>,0.9999999999999999,"[1738, 477, 1783, 516]"
194,0.8878348214285714,none,folder002_1.png,<Helper.GTFrame.GTFrame object at 0x1160429b0>,0.9999999999999999,"[1739, 477, 1784, 516]"
195,0.8804891606448026,exact,folder002_1.png,<Helper.GTFrame.GTFrame object at 0x116042be0>,0.9999999999999999,"[1268, 478, 1313, 517]"
196,0.9276353276353276,exact,folder002_1.png,<Helper.GTFrame.GTFrame object at 0x1160423c8>,0.9999999999999999,"[1838, 746, 1883, 785]"
197,0.9276353276353276,exact,folder002_1.png,<Helper.GTFrame.GTFrame object at 0x1160423c8>,0.9999999999999999,"[1837, 747, 1882, 786]"
198,0.9276353276353276,exact,folder002_1.png,<Helper.GTFrame.GTFrame object at 0x1160423c8>,0.9999999999999999,"[1838, 747, 1883, 786]"
199,0.8878348214285714,exact,folder002_1.png,<Helper.GTFrame.GTFrame object at 0x1160423c8>,0.9999999999999999,"[1839, 747, 1884, 786]"
200,0.8804891606448026,exact,folder002_1.png,<Helper.GTFrame.GTFrame object at 0x1160423c8>,0.9999999999999999,"[1838, 748, 1883, 787]"
201,0.9365244536940687,exact,pagination003.png,<Helper.GTFrame.GTFrame object at 0x11604ba20>,1.0000000000000002,"[410, 150, 441, 181]"
202,0.9365244536940687,exact,pagination003.png,<Helper.GTFrame.GTFrame object at 0x11604b278>,1.0000000000000002,"[190, 650, 221, 681]"
203,0.9365244536940687,exact,pagination003.png,<Helper.GTFrame.GTFrame object at 0x11604b898>,1.0000000000000002,"[175, 850, 206, 881]"
204,0.0,NA,checkbox001.png,,1.0,"[1220, 344, 1311, 375]"
205,0.957107408720312,exact,checkbox001.png,<Helper.GTFrame.GTFrame object at 0x116048358>,1.0,"[190, 350, 281, 381]"
206,0.957107408720312,exact,checkbox001.png,<Helper.GTFrame.GTFrame object at 0x116048a20>,1.0,"[504, 617, 595, 648]"
207,0.957107408720312,exact,checkbox001.png,<Helper.GTFrame.GTFrame object at 0x1160485c0>,1.0,"[1295, 767, 1386, 798]"
208,0.0,NA,volume001.png,,0.9999999999999998,"[1584, 291, 1687, 303]"
209,0.8090614886731392,exact,volume001.png,<Helper.GTFrame.GTFrame object at 0x116042da0>,0.9999999999999998,"[843, 341, 946, 353]"
210,0.8090614886731392,exact,volume001.png,<Helper.GTFrame.GTFrame object at 0x116042da0>,0.9999999999999998,"[844, 341, 947, 353]"
211,0.7945425361155698,exact,volume001.png,<Helper.GTFrame.GTFrame object at 0x116042da0>,0.9999999999999998,"[845, 341, 948, 353]"
212,0.8583333333333333,exact,volume001.png,<Helper.GTFrame.GTFrame object at 0x116042860>,0.9999999999999998,"[1518, 525, 1621, 537]"
213,0.8583333333333333,exact,volume001.png,<Helper.GTFrame.GTFrame object at 0x116042860>,0.9999999999999998,"[1519, 525, 1622, 537]"
214,0.8583333333333333,exact,volume001.png,<Helper.GTFrame.GTFrame object at 0x116042860>,0.9999999999999998,"[1520, 525, 1623, 537]"
215,0.8090614886731392,exact,volume001.png,<Helper.GTFrame.GTFrame object at 0x116042ef0>,0.9999999999999998,"[1545, 741, 1648, 753]"
216,0.8090614886731392,exact,volume001.png,<Helper.GTFrame.GTFrame object at 0x116042ef0>,0.9999999999999998,"[1546, 741, 1649, 753]"
217,0.7945425361155698,exact,volume001.png,<Helper.GTFrame.GTFrame object at 0x116042ef0>,0.9999999999999998,"[1547, 741, 1650, 753]"
218,0.8090614886731392,exact,volume001.png,<Helper.GTFrame.GTFrame object at 0x116042cf8>,0.9999999999999998,"[743, 832, 846, 844]"
219,0.8090614886731392,exact,volume001.png,<Helper.GTFrame.GTFrame object at 0x116042cf8>,0.9999999999999998,"[744, 832, 847, 844]"
220,0.7945425361155698,exact,volume001.png,<Helper.GTFrame.GTFrame object at 0x116042cf8>,0.9999999999999998,"[745, 832, 848, 844]"
221,0.956221198156682,exact,switch003.png,<Helper.GTFrame.GTFrame object at 0x11603a860>,0.9999999999999998,"[107, 290, 191, 321]"
222,0.9339407744874715,exact,switch003.png,<Helper.GTFrame.GTFrame object at 0x11603a860>,0.9999999999999998,"[108, 290, 192, 321]"
223,0.956221198156682,exact,switch003.png,<Helper.GTFrame.GTFrame object at 0x11603a978>,0.9999999999999998,"[919, 780, 1003, 811]"
224,0.9339407744874715,exact,switch003.png,<Helper.GTFrame.GTFrame object at 0x11603a978>,0.9999999999999998,"[920, 780, 1004, 811]"
225,0.956221198156682,exact,switch003.png,<Helper.GTFrame.GTFrame object at 0x11603afd0>,0.9999999999999998,"[1779, 910, 1863, 941]"
226,0.9339407744874715,exact,switch003.png,<Helper.GTFrame.GTFrame object at 0x11603afd0>,0.9999999999999998,"[1780, 910, 1864, 941]"
227,0.7505101655203689,exact,pagination002.png,<Helper.GTFrame.GTFrame object at 0x1175c0c18>,1.0000000000000002,"[350, 149, 681, 180]"
228,0.9648182438358834,exact,pagination002.png,<Helper.GTFrame.GTFrame object at 0x1175c0f60>,1.0000000000000002,"[130, 649, 461, 680]"
229,0.9648182438358834,exact,pagination002.png,<Helper.GTFrame.GTFrame object at 0x1175c01d0>,1.0000000000000002,"[115, 849, 446, 880]"
230,0.0,NA,search004.png,,1.0,"[1400, 320, 1507, 341]"
231,0.9434801958166444,exact,search004.png,<Helper.GTFrame.GTFrame object at 0x116048da0>,1.0,"[900, 360, 1007, 381]"
232,0.9434801958166444,exact,search004.png,<Helper.GTFrame.GTFrame object at 0x116048cf8>,1.0,"[1620, 450, 1727, 471]"
233,0.9434801958166444,exact,search004.png,<Helper.GTFrame.GTFrame object at 0x116048780>,1.0,"[1540, 630, 1647, 651]"
234,0.0,NA,search004.png,,1.0,"[980, 720, 1087, 741]"
235,0.9420208590333071,exact,progressbar002.png,<Helper.GTFrame.GTFrame object at 0x11603ad30>,0.9999999999999999,"[758, 185, 999, 222]"
236,0.9420208590333071,exact,progressbar002.png,<Helper.GTFrame.GTFrame object at 0x11603ad30>,0.9999999999999999,"[759, 185, 1000, 222]"
237,0.9344280607685433,exact,progressbar002.png,<Helper.GTFrame.GTFrame object at 0x11603ad30>,0.9999999999999999,"[760, 185, 1001, 222]"
238,0.9420208590333071,exact,progressbar002.png,<Helper.GTFrame.GTFrame object at 0x11603a7f0>,0.9999999999999999,"[59, 360, 300, 397]"
239,0.9420208590333071,exact,progressbar002.png,<Helper.GTFrame.GTFrame object at 0x11603a7f0>,0.9999999999999999,"[60, 360, 301, 397]"
240,0.9344280607685433,exact,progressbar002.png,<Helper.GTFrame.GTFrame object at 0x11603a7f0>,0.9999999999999999,"[61, 360, 302, 397]"
241,0.9420208590333071,exact,progressbar002.png,<Helper.GTFrame.GTFrame object at 0x11603a908>,0.9999999999999999,"[409, 865, 650, 902]"
242,0.9420208590333071,exact,progressbar002.png,<Helper.GTFrame.GTFrame object at 0x11603a908>,0.9999999999999999,"[410, 865, 651, 902]"
243,0.9344280607685433,exact,progressbar002.png,<Helper.GTFrame.GTFrame object at 0x11603a908>,0.9999999999999999,"[411, 865, 652, 902]"
244,0.9219170705438879,exact,scroll003_1.png,<Helper.GTFrame.GTFrame object at 0x11604b9b0>,1.0,"[370, 309, 395, 528]"
245,0.9302325581395349,exact,scroll003_1.png,<Helper.GTFrame.GTFrame object at 0x11604b9b0>,1.0,"[370, 310, 395, 529]"
246,0.9386203150461706,exact,scroll003_1.png,<Helper.GTFrame.GTFrame object at 0x11604b9b0>,1.0,"[370, 311, 395, 530]"
247,0.9470812875068194,exact,scroll003_1.png,<Helper.GTFrame.GTFrame object at 0x11604b9b0>,1.0,"[370, 312, 395, 531]"
248,0.9556164383561644,exact,scroll003_1.png,<Helper.GTFrame.GTFrame object at 0x11604b9b0>,1.0,"[369, 313, 394, 532]"
249,0.9556164383561644,exact,scroll003_1.png,<Helper.GTFrame.GTFrame object at 0x11604b9b0>,1.0,"[370, 313, 395, 532]"
250,0.8807307219392236,exact,scroll003_1.png,<Helper.GTFrame.GTFrame object at 0x11604b9b0>,1.0,"[371, 313, 396, 532]"
251,0.9556164383561644,exact,scroll003_1.png,<Helper.GTFrame.GTFrame object at 0x11604b9b0>,1.0,"[369, 314, 394, 533]"
252,0.9556164383561644,exact,scroll003_1.png,<Helper.GTFrame.GTFrame object at 0x11604b9b0>,1.0,"[370, 314, 395, 533]"
253,0.8807307219392236,exact,scroll003_1.png,<Helper.GTFrame.GTFrame object at 0x11604b9b0>,1.0,"[371, 314, 396, 533]"
254,0.9470812875068194,exact,scroll003_1.png,<Helper.GTFrame.GTFrame object at 0x11604b9b0>,1.0,"[369, 315, 394, 534]"
255,0.9470812875068194,exact,scroll003_1.png,<Helper.GTFrame.GTFrame object at 0x11604b9b0>,1.0,"[370, 315, 395, 534]"
256,0.8731630510846746,exact,scroll003_1.png,<Helper.GTFrame.GTFrame object at 0x11604b9b0>,1.0,"[371, 315, 396, 534]"
257,0.9386203150461706,exact,scroll003_1.png,<Helper.GTFrame.GTFrame object at 0x11604b9b0>,1.0,"[370, 316, 395, 535]"
258,0.9302325581395349,exact,scroll003_1.png,<Helper.GTFrame.GTFrame object at 0x11604b9b0>,1.0,"[370, 317, 395, 536]"
259,0.9219170705438879,exact,scroll003_1.png,<Helper.GTFrame.GTFrame object at 0x11604b9b0>,1.0,"[370, 318, 395, 537]"
260,0.9136729222520107,exact,scroll003_1.png,<Helper.GTFrame.GTFrame object at 0x11604b9b0>,1.0,"[370, 319, 395, 538]"
261,0.9219170705438879,exact,scroll003_1.png,<Helper.GTFrame.GTFrame object at 0x11604b4a8>,1.0,"[1830, 541, 1855, 760]"
262,0.9302325581395349,exact,scroll003_1.png,<Helper.GTFrame.GTFrame object at 0x11604b4a8>,1.0,"[1830, 542, 1855, 761]"
263,0.9386203150461706,exact,scroll003_1.png,<Helper.GTFrame.GTFrame object at 0x11604b4a8>,1.0,"[1830, 543, 1855, 762]"
264,0.9470812875068194,exact,scroll003_1.png,<Helper.GTFrame.GTFrame object at 0x11604b4a8>,1.0,"[1829, 544, 1854, 763]"
265,0.9470812875068194,exact,scroll003_1.png,<Helper.GTFrame.GTFrame object at 0x11604b4a8>,1.0,"[1830, 544, 1855, 763]"
266,0.9556164383561644,exact,scroll003_1.png,<Helper.GTFrame.GTFrame object at 0x11604b4a8>,1.0,"[1829, 545, 1854, 764]"
267,0.9556164383561644,exact,scroll003_1.png,<Helper.GTFrame.GTFrame object at 0x11604b4a8>,1.0,"[1830, 545, 1855, 764]"
268,0.8807307219392236,exact,scroll003_1.png,<Helper.GTFrame.GTFrame object at 0x11604b4a8>,1.0,"[1831, 545, 1856, 764]"
269,0.9556164383561644,exact,scroll003_1.png,<Helper.GTFrame.GTFrame object at 0x11604b4a8>,1.0,"[1829, 546, 1854, 765]"
270,0.9556164383561644,exact,scroll003_1.png,<Helper.GTFrame.GTFrame object at 0x11604b4a8>,1.0,"[1830, 546, 1855, 765]"
271,0.8807307219392236,exact,scroll003_1.png,<Helper.GTFrame.GTFrame object at 0x11604b4a8>,1.0,"[1831, 546, 1856, 765]"
272,0.9470812875068194,exact,scroll003_1.png,<Helper.GTFrame.GTFrame object at 0x11604b4a8>,1.0,"[1829, 547, 1854, 766]"
273,0.9470812875068194,exact,scroll003_1.png,<Helper.GTFrame.GTFrame object at 0x11604b4a8>,1.0,"[1830, 547, 1855, 766]"
274,0.8731630510846746,exact,scroll003_1.png,<Helper.GTFrame.GTFrame object at 0x11604b4a8>,1.0,"[1831, 547, 1856, 766]"
275,0.9386203150461706,exact,scroll003_1.png,<Helper.GTFrame.GTFrame object at 0x11604b4a8>,1.0,"[1829, 548, 1854, 767]"
276,0.9386203150461706,exact,scroll003_1.png,<Helper.GTFrame.GTFrame object at 0x11604b4a8>,1.0,"[1830, 548, 1855, 767]"
277,0.9302325581395349,exact,scroll003_1.png,<Helper.GTFrame.GTFrame object at 0x11604b4a8>,1.0,"[1830, 549, 1855, 768]"
278,0.9219170705438879,exact,scroll003_1.png,<Helper.GTFrame.GTFrame object at 0x11604b4a8>,1.0,"[1830, 550, 1855, 769]"
279,0.9136729222520107,exact,scroll003_1.png,<Helper.GTFrame.GTFrame object at 0x11604b4a8>,1.0,"[1830, 551, 1855, 770]"
280,0.0,NA,scroll003_1.png,,1.0,"[1060, 773, 1085, 992]"
281,0.0,NA,scroll003_1.png,,1.0,"[1060, 774, 1085, 993]"
282,0.0,NA,scroll003_1.png,,1.0,"[1059, 775, 1084, 994]"
283,0.0,NA,scroll003_1.png,,1.0,"[1060, 775, 1085, 994]"
284,0.0,NA,scroll003_1.png,,1.0,"[1059, 776, 1084, 995]"
285,0.0,NA,scroll003_1.png,,1.0,"[1060, 776, 1085, 995]"
286,0.0,NA,scroll003_1.png,,1.0,"[1059, 777, 1084, 996]"
287,0.0,NA,scroll003_1.png,,1.0,"[1060, 777, 1085, 996]"
288,0.0,NA,scroll003_1.png,,1.0,"[1061, 777, 1086, 996]"
289,0.0,NA,scroll003_1.png,,1.0,"[1059, 778, 1084, 997]"
290,0.0,NA,scroll003_1.png,,1.0,"[1060, 778, 1085, 997]"
291,0.0,NA,scroll003_1.png,,1.0,"[1061, 778, 1086, 997]"
292,0.0,NA,scroll003_1.png,,1.0,"[1059, 779, 1084, 998]"
293,0.0,NA,scroll003_1.png,,1.0,"[1060, 779, 1085, 998]"
294,0.0,NA,scroll003_1.png,,1.0,"[1061, 779, 1086, 998]"
295,0.0,NA,scroll003_1.png,,1.0,"[1059, 780, 1084, 999]"
296,0.0,NA,scroll003_1.png,,1.0,"[1060, 780, 1085, 999]"
297,0.0,NA,scroll003_1.png,,1.0,"[1059, 781, 1084, 1000]"
298,0.0,NA,scroll003_1.png,,1.0,"[1060, 781, 1085, 1000]"
299,0.0,NA,scroll003_1.png,,1.0,"[1060, 782, 1085, 1001]"
300,0.0,NA,scroll003_1.png,,1.0,"[1060, 783, 1085, 1002]"
301,0.957107408720312,exact,checkbox003.png,<Helper.GTFrame.GTFrame object at 0x116042358>,0.9999999999999997,"[260, 303, 351, 334]"
302,0.957107408720312,exact,checkbox003.png,<Helper.GTFrame.GTFrame object at 0x116042f60>,0.9999999999999997,"[1540, 502, 1631, 533]"
303,0.957107408720312,exact,checkbox003.png,<Helper.GTFrame.GTFrame object at 0x116042710>,0.9999999999999997,"[700, 866, 791, 897]"
304,0.9518773135906927,exact,pagination005.png,<Helper.GTFrame.GTFrame object at 0x11603a668>,0.9999999999999999,"[620, 150, 681, 181]"
305,0.9518773135906927,exact,pagination005.png,<Helper.GTFrame.GTFrame object at 0x11603acf8>,0.9999999999999999,"[400, 650, 461, 681]"
306,0.0,NA,pagination005.png,,0.9999999999999999,"[385, 850, 446, 881]"
307,0.6944444444444444,exact,checkbox007.png,<Helper.GTFrame.GTFrame object at 0x1160420f0>,1.0,"[1139, 279, 1157, 297]"
308,0.0,NA,checkbox007.png,,1.0,"[1549, 359, 1567, 377]"
309,0.6944444444444444,exact,checkbox007.png,<Helper.GTFrame.GTFrame object at 0x1160425c0>,1.0,"[1739, 669, 1757, 687]"
310,0.9365244536940687,exact,pagination004.png,<Helper.GTFrame.GTFrame object at 0x116048b38>,1.0000000000000002,"[500, 150, 531, 181]"
311,0.0,NA,pagination004.png,,1.0000000000000002,"[530, 150, 561, 181]"
312,0.0,NA,pagination004.png,,1.0000000000000002,"[280, 548, 311, 579]"
313,0.9365244536940687,exact,pagination004.png,<Helper.GTFrame.GTFrame object at 0x1160484e0>,1.0000000000000002,"[280, 650, 311, 681]"
314,0.0,NA,pagination004.png,,1.0000000000000002,"[310, 650, 341, 681]"
315,0.0,NA,pagination004.png,,1.0000000000000002,"[265, 850, 296, 881]"
316,0.0,NA,pagination004.png,,1.0000000000000002,"[295, 850, 326, 881]"
317,0.9070294784580499,exact,refresh001.png,<Helper.GTFrame.GTFrame object at 0x11603ac18>,1.0000000000000002,"[489, 204, 531, 246]"
318,0.6802721088435374,exact,refresh001.png,<Helper.GTFrame.GTFrame object at 0x11603aef0>,1.0000000000000002,"[1069, 861, 1111, 903]"
319,0.9792188010009792,exact,checkbox005_1.png,<Helper.GTFrame.GTFrame object at 0x11604bb38>,1.0,"[100, 150, 201, 241]"
320,0.9792188010009792,default,checkbox005_1.png,<Helper.GTFrame.GTFrame object at 0x11604ba58>,1.0,"[100, 350, 201, 441]"
321,0.0,NA,checkbox005_1.png,,1.0,"[100, 600, 201, 691]"
322,0.9792188010009792,exact,checkbox005_1.png,<Helper.GTFrame.GTFrame object at 0x11604b390>,1.0,"[160, 708, 261, 799]"
323,0.0,NA,checkbox010.png,,1.0,"[1104, 257, 1185, 277]"
324,0.9382716049382716,exact,checkbox010.png,<Helper.GTFrame.GTFrame object at 0x1160422b0>,1.0,"[1505, 257, 1586, 277]"
325,0.9382716049382716,exact,checkbox010.png,<Helper.GTFrame.GTFrame object at 0x116042d68>,1.0,"[1601, 707, 1682, 727]"
326,0.9795859133126935,exact,checkbox004.png,<Helper.GTFrame.GTFrame object at 0x116048908>,1.0,"[50, 250, 202, 386]"
327,0.9795859133126935,exact,checkbox004.png,<Helper.GTFrame.GTFrame object at 0x116048940>,1.0,"[1500, 250, 1652, 386]"
328,0.9795859133126935,exact,checkbox004.png,<Helper.GTFrame.GTFrame object at 0x116048b70>,1.0,"[1500, 700, 1652, 836]"
329,0.9276353276353276,exact,folder002.png,<Helper.GTFrame.GTFrame object at 0x11603acc0>,0.9999999999999999,"[638, 451, 683, 490]"
330,0.9276353276353276,exact,folder002.png,<Helper.GTFrame.GTFrame object at 0x11603acc0>,0.9999999999999999,"[637, 452, 682, 491]"
331,0.9276353276353276,exact,folder002.png,<Helper.GTFrame.GTFrame object at 0x11603acc0>,0.9999999999999999,"[638, 452, 683, 491]"
332,0.8878348214285714,exact,folder002.png,<Helper.GTFrame.GTFrame object at 0x11603acc0>,0.9999999999999999,"[639, 452, 684, 491]"
333,0.8804891606448026,exact,folder002.png,<Helper.GTFrame.GTFrame object at 0x11603acc0>,0.9999999999999999,"[638, 453, 683, 492]"
334,0.9276353276353276,exact,folder002.png,<Helper.GTFrame.GTFrame object at 0x11603af98>,0.9999999999999999,"[1788, 597, 1833, 636]"
335,0.9276353276353276,exact,folder002.png,<Helper.GTFrame.GTFrame object at 0x11603af98>,0.9999999999999999,"[1787, 598, 1832, 637]"
336,0.9276353276353276,exact,folder002.png,<Helper.GTFrame.GTFrame object at 0x11603af98>,0.9999999999999999,"[1788, 598, 1833, 637]"
337,0.8878348214285714,exact,folder002.png,<Helper.GTFrame.GTFrame object at 0x11603af98>,0.9999999999999999,"[1789, 598, 1834, 637]"
338,0.8804891606448026,exact,folder002.png,<Helper.GTFrame.GTFrame object at 0x11603af98>,0.9999999999999999,"[1788, 599, 1833, 638]"
339,0.9276353276353276,exact,folder002.png,<Helper.GTFrame.GTFrame object at 0x11603ab00>,0.9999999999999999,"[898, 807, 943, 846]"
340,0.9276353276353276,exact,folder002.png,<Helper.GTFrame.GTFrame object at 0x11603ab00>,0.9999999999999999,"[897, 808, 942, 847]"
341,0.9276353276353276,exact,folder002.png,<Helper.GTFrame.GTFrame object at 0x11603ab00>,0.9999999999999999,"[898, 808, 943, 847]"
342,0.8878348214285714,exact,folder002.png,<Helper.GTFrame.GTFrame object at 0x11603ab00>,0.9999999999999999,"[899, 808, 944, 847]"
343,0.8804891606448026,exact,folder002.png,<Helper.GTFrame.GTFrame object at 0x11603ab00>,0.9999999999999999,"[898, 809, 943, 848]"
344,0.9792188010009792,exact,checkbox005.png,<Helper.GTFrame.GTFrame object at 0x11604b668>,1.0,"[1100, 250, 1201, 341]"
345,0.0,NA,checkbox005.png,,1.0,"[1500, 250, 1601, 341]"
346,0.0,NA,checkbox005.png,,1.0,"[1600, 700, 1701, 791]"
347,0.0,NA,search001.png,,1.0,"[1360, 55, 1467, 76]"
348,0.9434801958166444,exact,search001.png,<Helper.GTFrame.GTFrame object at 0x1160487f0>,1.0,"[1160, 80, 1267, 101]"
349,0.0,NA,search001.png,,1.0,"[1730, 80, 1837, 101]"
350,0.0,NA,search001.png,,1.0,"[1307, 800, 1414, 821]"
351,0.9434801958166444,exact,search001.png,<Helper.GTFrame.GTFrame object at 0x1160488d0>,1.0,"[1020, 843, 1127, 864]"
352,0.9070294784580499,exact,date001.png,<Helper.GTFrame.GTFrame object at 0x11603ab70>,1.0,"[460, 275, 481, 296]"
353,0.9070294784580499,exact,date001.png,<Helper.GTFrame.GTFrame object at 0x11603a8d0>,1.0,"[830, 865, 851, 886]"
354,0.9070294784580499,exact,date001.png,<Helper.GTFrame.GTFrame object at 0x11603ac88>,1.0,"[200, 905, 221, 926]"
355,0.9604,exact,pin001.png,<Helper.GTFrame.GTFrame object at 0x116042a20>,1.0,"[1367, 358, 1417, 408]"
356,0.9604,exact,pin001.png,<Helper.GTFrame.GTFrame object at 0x116042898>,1.0,"[1667, 580, 1717, 630]"
357,0.9604,exact,pin001.png,<Helper.GTFrame.GTFrame object at 0x116042fd0>,1.0,"[1460, 820, 1510, 870]"
358,0.9331797235023042,exact,account001.png,<Helper.GTFrame.GTFrame object at 0x11604bcf8>,0.9999999999999999,"[1060, 79, 1088, 110]"
359,0.9331797235023042,exact,account001.png,<Helper.GTFrame.GTFrame object at 0x11604b860>,0.9999999999999999,"[1700, 79, 1728, 110]"
360,0.9331797235023042,exact,account001.png,<Helper.GTFrame.GTFrame object at 0x11604bcf8>,0.9999999999999999,"[1059, 80, 1087, 111]"
361,0.9331797235023042,exact,account001.png,<Helper.GTFrame.GTFrame object at 0x11604bcf8>,0.9999999999999999,"[1060, 80, 1088, 111]"
362,0.8685968819599109,exact,account001.png,<Helper.GTFrame.GTFrame object at 0x11604bcf8>,0.9999999999999999,"[1061, 80, 1089, 111]"
363,0.9331797235023042,exact,account001.png,<Helper.GTFrame.GTFrame object at 0x11604b860>,0.9999999999999999,"[1699, 80, 1727, 111]"
364,0.9331797235023042,exact,account001.png,<Helper.GTFrame.GTFrame object at 0x11604b860>,0.9999999999999999,"[1700, 80, 1728, 111]"
365,0.8685968819599109,exact,account001.png,<Helper.GTFrame.GTFrame object at 0x11604b860>,0.9999999999999999,"[1701, 80, 1729, 111]"
366,0.9331797235023042,default,account001.png,<Helper.GTFrame.GTFrame object at 0x11604b6d8>,0.9999999999999999,"[1390, 109, 1418, 140]"
367,0.9331797235023042,default,account001.png,<Helper.GTFrame.GTFrame object at 0x11604b6d8>,0.9999999999999999,"[1389, 110, 1417, 141]"
368,0.9331797235023042,default,account001.png,<Helper.GTFrame.GTFrame object at 0x11604b6d8>,0.9999999999999999,"[1390, 110, 1418, 141]"
369,0.8685968819599109,default,account001.png,<Helper.GTFrame.GTFrame object at 0x11604b6d8>,0.9999999999999999,"[1391, 110, 1419, 141]"
370,0.9331797235023042,exact,account001.png,<Helper.GTFrame.GTFrame object at 0x11604b940>,0.9999999999999999,"[1049, 279, 1077, 310]"
371,0.9331797235023042,exact,account001.png,<Helper.GTFrame.GTFrame object at 0x11604b940>,0.9999999999999999,"[1048, 280, 1076, 311]"
372,0.9331797235023042,exact,account001.png,<Helper.GTFrame.GTFrame object at 0x11604b940>,0.9999999999999999,"[1049, 280, 1077, 311]"
373,0.8685968819599109,exact,account001.png,<Helper.GTFrame.GTFrame object at 0x11604b940>,0.9999999999999999,"[1050, 280, 1078, 311]"
374,0.7785467128027682,exact,radio004.png,<Helper.GTFrame.GTFrame object at 0x116048320>,1.0,"[200, 270, 217, 287]"
375,0.6747404844290658,exact,radio004.png,<Helper.GTFrame.GTFrame object at 0x116048cc0>,1.0,"[265, 612, 282, 629]"
376,0.7785467128027682,exact,radio004.png,<Helper.GTFrame.GTFrame object at 0x116048dd8>,1.0,"[370, 731, 387, 748]"
377,0.9608785175017158,exact,date002.png,<Helper.GTFrame.GTFrame object at 0x11603ae48>,0.9999999999999998,"[350, 270, 491, 301]"
378,0.0,NA,date002.png,,0.9999999999999998,"[60, 610, 201, 641]"
379,0.0,NA,date002.png,,0.9999999999999998,"[220, 770, 361, 801]"
380,0.9608785175017158,exact,date002.png,<Helper.GTFrame.GTFrame object at 0x1175c0cc0>,0.9999999999999998,"[720, 860, 861, 891]"
381,0.9608785175017158,exact,date002.png,<Helper.GTFrame.GTFrame object at 0x1175c0a58>,0.9999999999999998,"[90, 900, 231, 931]"
382,0.9231064975009612,exact,pin002.png,<Helper.GTFrame.GTFrame object at 0x1027070f0>,0.9999999999999998,"[1367, 357, 1418, 408]"
383,0.8875471698113208,exact,pin002.png,<Helper.GTFrame.GTFrame object at 0x1027070f0>,0.9999999999999998,"[1368, 357, 1419, 408]"
384,0.9231064975009612,exact,pin002.png,<Helper.GTFrame.GTFrame object at 0x1027070f0>,0.9999999999999998,"[1366, 358, 1417, 409]"
385,0.9231064975009612,exact,pin002.png,<Helper.GTFrame.GTFrame object at 0x1027070f0>,0.9999999999999998,"[1367, 358, 1418, 409]"
386,0.8875471698113208,exact,pin002.png,<Helper.GTFrame.GTFrame object at 0x1027070f0>,0.9999999999999998,"[1368, 358, 1419, 409]"
387,0.8875471698113208,exact,pin002.png,<Helper.GTFrame.GTFrame object at 0x1027070f0>,0.9999999999999998,"[1366, 359, 1417, 410]"
388,0.8875471698113208,exact,pin002.png,<Helper.GTFrame.GTFrame object at 0x1027070f0>,0.9999999999999998,"[1367, 359, 1418, 410]"
389,0.0,NA,pin002.png,,0.9999999999999998,"[1391, 578, 1442, 629]"
390,0.0,NA,pin002.png,,0.9999999999999998,"[1390, 579, 1441, 630]"
391,0.0,NA,pin002.png,,0.9999999999999998,"[1391, 579, 1442, 630]"
392,0.9231064975009612,exact,pin002.png,<Helper.GTFrame.GTFrame object at 0x1175bfd68>,0.9999999999999998,"[1667, 579, 1718, 630]"
393,0.8875471698113208,exact,pin002.png,<Helper.GTFrame.GTFrame object at 0x1175bfd68>,0.9999999999999998,"[1668, 579, 1719, 630]"
394,0.9231064975009612,exact,pin002.png,<Helper.GTFrame.GTFrame object at 0x1175bfd68>,0.9999999999999998,"[1666, 580, 1717, 631]"
395,0.9231064975009612,exact,pin002.png,<Helper.GTFrame.GTFrame object at 0x1175bfd68>,0.9999999999999998,"[1667, 580, 1718, 631]"
396,0.8875471698113208,exact,pin002.png,<Helper.GTFrame.GTFrame object at 0x1175bfd68>,0.9999999999999998,"[1668, 580, 1719, 631]"
397,0.8875471698113208,exact,pin002.png,<Helper.GTFrame.GTFrame object at 0x1175bfd68>,0.9999999999999998,"[1666, 581, 1717, 632]"
398,0.8875471698113208,exact,pin002.png,<Helper.GTFrame.GTFrame object at 0x1175bfd68>,0.9999999999999998,"[1667, 581, 1718, 632]"
399,0.9231064975009612,exact,pin002.png,<Helper.GTFrame.GTFrame object at 0x1175bfc88>,0.9999999999999998,"[1460, 819, 1511, 870]"
400,0.8875471698113208,exact,pin002.png,<Helper.GTFrame.GTFrame object at 0x1175bfc88>,0.9999999999999998,"[1461, 819, 1512, 870]"
401,0.9231064975009612,exact,pin002.png,<Helper.GTFrame.GTFrame object at 0x1175bfc88>,0.9999999999999998,"[1459, 820, 1510, 871]"
402,0.9231064975009612,exact,pin002.png,<Helper.GTFrame.GTFrame object at 0x1175bfc88>,0.9999999999999998,"[1460, 820, 1511, 871]"
403,0.8875471698113208,exact,pin002.png,<Helper.GTFrame.GTFrame object at 0x1175bfc88>,0.9999999999999998,"[1461, 820, 1512, 871]"
404,0.8875471698113208,exact,pin002.png,<Helper.GTFrame.GTFrame object at 0x1175bfc88>,0.9999999999999998,"[1459, 821, 1510, 872]"
405,0.8875471698113208,exact,pin002.png,<Helper.GTFrame.GTFrame object at 0x1175bfc88>,0.9999999999999998,"[1460, 821, 1511, 872]"
406,0.9331797235023042,exact,account002.png,<Helper.GTFrame.GTFrame object at 0x11603a828>,0.9999999999999999,"[800, 300, 828, 331]"
407,0.9331797235023042,default,account002.png,<Helper.GTFrame.GTFrame object at 0x11604bac8>,0.9999999999999999,"[488, 650, 516, 681]"
408,0.9331797235023042,exact,account002.png,<Helper.GTFrame.GTFrame object at 0x11604bfd0>,0.9999999999999999,"[730, 791, 758, 822]"
409,0.9331797235023042,exact,account002.png,<Helper.GTFrame.GTFrame object at 0x11604bd30>,0.9999999999999999,"[1784, 821, 1812, 852]"
410,0.8441558441558441,exact,privacy001.png,<Helper.GTFrame.GTFrame object at 0x115fd5748>,1.0000000000000004,"[1059, 79, 1081, 107]"
411,0.8441558441558441,exact,privacy001.png,<Helper.GTFrame.GTFrame object at 0x1160426a0>,1.0000000000000004,"[1719, 105, 1741, 133]"
412,0.6493506493506493,exact,privacy001.png,<Helper.GTFrame.GTFrame object at 0x116042748>,1.0000000000000004,"[1079, 279, 1101, 307]"
413,0.9365244536940687,exact,tick001.png,<Helper.GTFrame.GTFrame object at 0x116048a90>,1.0,"[150, 290, 181, 321]"
414,0.9365244536940687,default,tick001.png,<Helper.GTFrame.GTFrame object at 0x116048eb8>,1.0,"[1190, 341, 1221, 372]"
415,0.9365244536940687,exact,tick001.png,<Helper.GTFrame.GTFrame object at 0x116048860>,1.0,"[1448, 400, 1479, 431]"
416,0.9365244536940687,none,tick001.png,<Helper.GTFrame.GTFrame object at 0x116048588>,1.0,"[310, 451, 341, 482]"
417,0.9365244536940687,exact,tick001.png,<Helper.GTFrame.GTFrame object at 0x116048668>,1.0,"[770, 750, 801, 781]"
418,0.9365244536940687,exact,decline001.png,<Helper.GTFrame.GTFrame object at 0x116046c18>,1.0,"[280, 300, 311, 331]"
419,0.9365244536940687,exact,decline001.png,<Helper.GTFrame.GTFrame object at 0x116046f28>,1.0,"[1170, 373, 1201, 404]"
420,0.0,NA,decline001.png,,1.0,"[1426, 711, 1457, 742]"
421,0.0,NA,decline001.png,,1.0,"[1427, 711, 1458, 742]"
422,0.9365244536940687,exact,decline001.png,<Helper.GTFrame.GTFrame object at 0x116046908>,1.0,"[770, 750, 801, 781]"
423,0.9248982611912689,default,circlebutton001.png,<Helper.GTFrame.GTFrame object at 0x116048f98>,0.9999999999999999,"[1099, 599, 1252, 652]"
424,0.8264462809917356,exact,windows001.png,<Helper.GTFrame.GTFrame object at 0x116046c88>,1.0,"[180, 320, 202, 342]"
425,0.8264462809917356,default,windows001.png,<Helper.GTFrame.GTFrame object at 0x116046940>,1.0,"[500, 390, 522, 412]"
426,0.8264462809917356,none,windows001.png,<Helper.GTFrame.GTFrame object at 0x116046128>,1.0,"[100, 510, 122, 532]"
427,0.8264462809917356,exact,windows001.png,<Helper.GTFrame.GTFrame object at 0x116046668>,1.0,"[140, 800, 162, 822]"
428,0.8264462809917356,exact,windows001.png,<Helper.GTFrame.GTFrame object at 0x116046d30>,1.0,"[810, 850, 832, 872]"
429,0.87890625,exact,question002.png,<Helper.GTFrame.GTFrame object at 0x116048128>,1.0,"[1430, 291, 1462, 323]"
430,0.87890625,exact,question002.png,<Helper.GTFrame.GTFrame object at 0x1160480b8>,1.0,"[290, 340, 322, 372]"
431,0.87890625,exact,question002.png,<Helper.GTFrame.GTFrame object at 0x116048048>,1.0,"[820, 786, 852, 818]"
432,0.0,NA,question002.png,,1.0,"[1300, 810, 1332, 842]"
433,0.0,NA,date004.png,,1.0,"[829, 320, 852, 343]"
434,0.7561436672967864,exact,date004.png,<Helper.GTFrame.GTFrame object at 0x1175bf4a8>,1.0,"[598, 395, 621, 418]"
435,0.0,NA,date004.png,,1.0,"[1255, 620, 1278, 643]"
436,0.7561436672967864,exact,date004.png,<Helper.GTFrame.GTFrame object at 0x1175bf278>,1.0,"[1016, 759, 1039, 782]"
437,0.7561436672967864,exact,date004.png,<Helper.GTFrame.GTFrame object at 0x1175bf390>,1.0,"[668, 774, 691, 797]"
438,0.9738994935722634,default,circlebutton002.png,<Helper.GTFrame.GTFrame object at 0x116042780>,1.0000000000000002,"[410, 285, 561, 336]"
439,0.5967907675282587,exact,circlebutton002.png,<Helper.GTFrame.GTFrame object at 0x116042c18>,1.0000000000000002,"[100, 300, 251, 351]"
440,0.9738994935722634,none,circlebutton002.png,<Helper.GTFrame.GTFrame object at 0x116042e80>,1.0000000000000002,"[710, 300, 861, 351]"
441,0.9738994935722634,exact,circlebutton002.png,<Helper.GTFrame.GTFrame object at 0x116042e48>,1.0000000000000002,"[1300, 300, 1451, 351]"
442,0.9738994935722634,none,circlebutton002.png,<Helper.GTFrame.GTFrame object at 0x116042e10>,1.0000000000000002,"[150, 450, 301, 501]"
443,0.9738994935722634,exact,circlebutton002.png,<Helper.GTFrame.GTFrame object at 0x116042a90>,1.0000000000000002,"[830, 800, 981, 851]"
444,0.0,NA,table002.png,,1.0,"[120, 322, 206, 353]"
445,0.9564891222805701,exact,table002.png,<Helper.GTFrame.GTFrame object at 0x116046550>,1.0,"[205, 322, 291, 353]"
446,0.0,NA,table002.png,,1.0,"[290, 322, 376, 353]"
447,0.0,NA,table002.png,,1.0,"[120, 352, 206, 383]"
448,0.0,NA,table002.png,,1.0,"[205, 352, 291, 383]"
449,0.0,NA,table002.png,,1.0,"[1340, 434, 1426, 465]"
450,0.9564891222805701,exact,table002.png,<Helper.GTFrame.GTFrame object at 0x1160464a8>,1.0,"[1425, 434, 1511, 465]"
451,0.0,NA,table002.png,,1.0,"[1510, 434, 1596, 465]"
452,0.0,NA,table002.png,,1.0,"[1340, 464, 1426, 495]"
453,0.0,NA,table002.png,,1.0,"[1425, 464, 1511, 495]"
454,0.0,NA,table002.png,,1.0,"[670, 725, 756, 756]"
455,0.0,NA,table002.png,,1.0,"[755, 725, 841, 756]"
456,0.0,NA,table002.png,,1.0,"[840, 725, 926, 756]"
457,0.0,NA,table002.png,,1.0,"[1340, 740, 1426, 771]"
458,0.9564891222805701,exact,table002.png,<Helper.GTFrame.GTFrame object at 0x116046e10>,1.0,"[1425, 740, 1511, 771]"
459,0.0,NA,table002.png,,1.0,"[1510, 740, 1596, 771]"
460,0.0,NA,table002.png,,1.0,"[670, 755, 756, 786]"
461,0.0,NA,table002.png,,1.0,"[755, 755, 841, 786]"
462,0.0,NA,table002.png,,1.0,"[1340, 770, 1426, 801]"
463,0.0,NA,table002.png,,1.0,"[1425, 770, 1511, 801]"
464,0.0,NA,table002.png,,1.0,"[1070, 830, 1156, 861]"
465,0.0,NA,table002.png,,1.0,"[1070, 860, 1156, 891]"
466,0.0,NA,table002.png,,1.0,"[1155, 860, 1241, 891]"
467,0.0,NA,table002.png,,1.0,"[1240, 860, 1326, 891]"
468,0.0,NA,table002.png,,1.0,"[1070, 890, 1156, 921]"
469,0.0,NA,table002.png,,1.0,"[1155, 890, 1241, 921]"
470,0.9403122130394858,exact,windows002.png,<Helper.GTFrame.GTFrame object at 0x1175df320>,1.0,"[679, 318, 712, 351]"
471,0.9403122130394858,default,windows002.png,<Helper.GTFrame.GTFrame object at 0x1175df048>,1.0,"[914, 369, 947, 402]"
472,0.9403122130394858,exact,windows002.png,<Helper.GTFrame.GTFrame object at 0x1175dfd68>,1.0,"[1220, 449, 1253, 482]"
473,0.9403122130394858,exact,windows002.png,<Helper.GTFrame.GTFrame object at 0x1175df908>,1.0,"[1760, 619, 1793, 652]"
474,0.0,NA,arrow001.png,,0.9999999999999998,"[1189, 250, 1226, 278]"
475,0.0,NA,arrow001.png,,0.9999999999999998,"[1190, 250, 1227, 278]"
476,0.0,NA,arrow001.png,,0.9999999999999998,"[1191, 250, 1228, 278]"
477,0.0,NA,arrow001.png,,0.9999999999999998,"[883, 336, 920, 364]"
478,0.0,NA,arrow001.png,,0.9999999999999998,"[884, 336, 921, 364]"
479,0.0,NA,arrow001.png,,0.9999999999999998,"[883, 337, 920, 365]"
480,0.0,NA,arrow001.png,,0.9999999999999998,"[884, 337, 921, 365]"
481,0.0,NA,arrow001.png,,0.9999999999999998,"[1613, 535, 1650, 563]"
482,0.0,NA,arrow001.png,,0.9999999999999998,"[1614, 535, 1651, 563]"
483,0.0,NA,arrow001.png,,0.9999999999999998,"[1613, 536, 1650, 564]"
484,0.0,NA,arrow001.png,,0.9999999999999998,"[1614, 536, 1651, 564]"
485,0.0,NA,arrow001.png,,0.9999999999999998,"[1258, 801, 1295, 829]"
486,0.0,NA,arrow001.png,,0.9999999999999998,"[1259, 801, 1296, 829]"
487,0.0,NA,arrow001.png,,0.9999999999999998,"[1258, 802, 1295, 830]"
488,0.0,NA,arrow001.png,,0.9999999999999998,"[1259, 802, 1296, 830]"
489,0.9604,exact,question001.png,<Helper.GTFrame.GTFrame object at 0x116048c50>,0.9999999999999999,"[1430, 290, 1480, 340]"
490,0.9604,exact,question001.png,<Helper.GTFrame.GTFrame object at 0x116048c50>,0.9999999999999999,"[1429, 291, 1479, 341]"
491,0.9604,exact,question001.png,<Helper.GTFrame.GTFrame object at 0x116048c50>,0.9999999999999999,"[1430, 291, 1480, 341]"
492,0.9227147901137701,exact,question001.png,<Helper.GTFrame.GTFrame object at 0x116048c50>,0.9999999999999999,"[1431, 291, 1481, 341]"
493,0.9227147901137701,exact,question001.png,<Helper.GTFrame.GTFrame object at 0x116048c50>,0.9999999999999999,"[1430, 292, 1480, 342]"
494,0.9604,exact,question001.png,<Helper.GTFrame.GTFrame object at 0x1160485f8>,0.9999999999999999,"[290, 339, 340, 389]"
495,0.9604,exact,question001.png,<Helper.GTFrame.GTFrame object at 0x1160485f8>,0.9999999999999999,"[289, 340, 339, 390]"
496,0.9604,exact,question001.png,<Helper.GTFrame.GTFrame object at 0x1160485f8>,0.9999999999999999,"[290, 340, 340, 390]"
497,0.9227147901137701,exact,question001.png,<Helper.GTFrame.GTFrame object at 0x1160485f8>,0.9999999999999999,"[291, 340, 341, 390]"
498,0.9227147901137701,exact,question001.png,<Helper.GTFrame.GTFrame object at 0x1160485f8>,0.9999999999999999,"[290, 341, 340, 391]"
499,0.9604,exact,question001.png,<Helper.GTFrame.GTFrame object at 0x116048240>,0.9999999999999999,"[820, 785, 870, 835]"
500,0.9604,exact,question001.png,<Helper.GTFrame.GTFrame object at 0x116048240>,0.9999999999999999,"[819, 786, 869, 836]"
501,0.9604,exact,question001.png,<Helper.GTFrame.GTFrame object at 0x116048240>,0.9999999999999999,"[820, 786, 870, 836]"
502,0.9227147901137701,exact,question001.png,<Helper.GTFrame.GTFrame object at 0x116048240>,0.9999999999999999,"[821, 786, 871, 836]"
503,0.9227147901137701,exact,question001.png,<Helper.GTFrame.GTFrame object at 0x116048240>,0.9999999999999999,"[820, 787, 870, 837]"
